<?xml version="1.0" encoding="UTF-8"?>
<!DOCTYPE mapper PUBLIC "-//mybatis.org//DTD Mapper 3.0//EN" "http://mybatis.org/dtd/mybatis-3-mapper.dtd">
<mapper namespace="com.lyn.mapper.MockMapper">

    <!-- 通用查询映射结果 -->
    <resultMap id="BaseResultMap" type="com.lyn.model.MockDO">
        <id column="id" property="id" />
        <result column="path" property="path" />
        <result column="method" property="method" />
        <result column="request_body" property="requestBody" />
        <result column="description" property="description" />
        <result column="response_header" property="responseHeader" />
        <result column="response_body" property="responseBody" />
        <result column="response_code" property="responseCode" />
    </resultMap>

</mapper>
