<?xml version="1.0" encoding="UTF-8"?>
<!DOCTYPE mapper PUBLIC "-//mybatis.org//DTD Mapper 3.0//EN" "http://mybatis.org/dtd/mybatis-3-mapper.dtd">
<mapper namespace="com.lyn.mapper.common.PermissionMapper">

    <!-- 通用查询映射结果 -->
    <resultMap id="BaseResultMap" type="com.lyn.model.PermissionDO">
        <id column="id" property="id"/>
        <result column="name" property="name"/>
        <result column="module" property="module"/>
        <result column="mount" property="mount"/>
        <result column="create_time" property="createTime"/>
        <result column="update_time" property="updateTime"/>
        <result column="delete_time" property="deleteTime"/>
    </resultMap>

    <select id="selectPermissionsByGroupIds" parameterType="java.util.List"
            resultMap="BaseResultMap">
        SELECT p.id, p.name, p.module, p.mount,
        p.create_time, p.update_time, p.delete_time
        FROM lin_permission AS p
        WHERE p.delete_time IS NULL
        AND p.mount = true
        AND p.id IN (
        SELECT gp.permission_id
        FROM lin_group_permission AS gp
        WHERE gp.group_id IN
        <foreach item="groupId" index="index" collection="groupIds"
                 open="(" separator="," close=")">
            #{groupId}
        </foreach>
        )
    </select>

    <select id="selectPermissionsByGroupIdsAndModule" parameterType="java.util.List"
            resultMap="BaseResultMap">
        SELECT p.id, p.name, p.module, p.mount,
        p.create_time, p.update_time, p.delete_time
        FROM lin_permission AS p
        WHERE p.delete_time IS NULL
        AND p.module = #{module}
        AND p.mount = true
        AND p.id IN (
        SELECT gp.permission_id
        FROM lin_group_permission AS gp
        WHERE gp.group_id IN
        <foreach item="groupId" index="index" collection="groupIds"
                 open="(" separator="," close=")">
            #{groupId}
        </foreach>
        )
    </select>

    <select id="selectPermissionsByGroupId" parameterType="java.lang.Integer"
            resultMap="BaseResultMap">
        SELECT p.id, p.name, p.module, p.mount,
        p.create_time, p.update_time, p.delete_time
        FROM lin_permission AS p
        WHERE p.delete_time IS NULL
        AND p.mount = true
        AND p.id IN (
        SELECT gp.permission_id
        FROM lin_group_permission AS gp
        WHERE gp.group_id = #{groupId}
        )
    </select>
</mapper>
