<?xml version="1.0" encoding="UTF-8"?>
<!DOCTYPE mapper PUBLIC "-//mybatis.org//DTD Mapper 3.0//EN" "http://mybatis.org/dtd/mybatis-3-mapper.dtd">
<mapper namespace="com.lyn.mapper.track.TestCaseMapper">

    <!-- 通用查询映射结果 -->
    <resultMap id="BaseResultMap" type="com.lyn.model.track.TestCaseDO">
        <id column="id" property="id" />
        <result column="node_id" property="nodeId" />
        <result column="project_id" property="projectId" />
        <result column="name" property="name" />
        <result column="type" property="type" />
        <result column="priority" property="priority" />
        <result column="description" property="descri/exp/listption" />
        <result column="steps" property="steps" />
        <result column="review_status" property="reviewStatus" />
        <result column="creator_name" property="creatorName" />
        <result column="creator_code" property="creatorCode" />
        <result column="create_time" property="createTime" />
        <result column="update_name" property="updateName" />
        <result column="update_code" property="updateCode" />
        <result column="update_time" property="updateTime" />
    </resultMap>

</mapper>
