<?xml version="1.0" encoding="UTF-8"?>
<!DOCTYPE mapper PUBLIC "-//mybatis.org//DTD Mapper 3.0//EN" "http://mybatis.org/dtd/mybatis-3-mapper.dtd">
<mapper namespace="com.lyn.mapper.track.TestCaseNodeMapper">

    <!-- 通用查询映射结果 -->
    <resultMap id="BaseResultMap" type="com.lyn.model.track.TestCaseNodeDO">
        <id column="id" property="id" />
        <result column="project_id" property="projectId" />
        <result column="name" property="name" />
        <result column="parent_id" property="parentId" />
        <result column="level" property="level" />
        <result column="create_time" property="createTime" />
        <result column="update_time" property="updateTime" />
        <result column="pos" property="pos" />
    </resultMap>

</mapper>
