<?xml version="1.0" encoding="UTF-8"?>
<!DOCTYPE mapper PUBLIC "-//mybatis.org//DTD Mapper 3.0//EN" "http://mybatis.org/dtd/mybatis-3-mapper.dtd">
<mapper namespace="com.lyn.mapper.common.UserMapper">

    <!-- 通用查询映射结果 -->
    <resultMap id="BaseResultMap" type="com.lyn.model.UserDO">
        <id column="id" property="id"/>
        <result column="username" property="username"/>
        <result column="avatar" property="avatar"/>
        <result column="code" property="code"/>
        <result column="create_time" property="createTime"/>
        <result column="update_time" property="updateTime"/>
        <result column="delete_time" property="deleteTime"/>
    </resultMap>

    <select id="selectCountByUsername" parameterType="java.lang.String" resultType="java.lang.Integer">
        SELECT COUNT(*) FROM lin_user as u WHERE u.username = #{username} AND u.delete_time IS NULL
    </select>

    <select id="selectCountById" parameterType="java.lang.Integer" resultType="java.lang.Integer">
        SELECT COUNT(*) FROM lin_user as u WHERE u.id = #{id} AND u.delete_time IS NULL
    </select>

    <select id="selectPageByGroupId" parameterType="java.lang.Integer" resultMap="BaseResultMap">
        SELECT u.username,
        u.avatar, u.code, u.create_time,
        u.update_time, u.delete_time
        FROM lin_user AS u
        WHERE u.id IN
        (
        SELECT ug.user_id
        FROM lin_user_group AS ug
        WHERE ug.group_id = #{groupId}
        AND ug.group_id != #{rootGroupId}
        )
        AND u.delete_time IS NULL
    </select>

</mapper>
