<?xml version="1.0" encoding="UTF-8"?>
<!DOCTYPE mapper PUBLIC "-//mybatis.org//DTD Mapper 3.0//EN" "http://mybatis.org/dtd/mybatis-3-mapper.dtd">
<mapper namespace="com.lyn.mapper.common.UserGroupMapper">

    <!-- 通用查询映射结果 -->
    <resultMap id="BaseResultMap" type="com.lyn.model.UserGroupDO">
        <id column="id" property="id"/>
        <result column="user_id" property="userId"/>
        <result column="group_id" property="groupId"/>
    </resultMap>

    <insert id="insertBatch">
        INSERT INTO lin_user_group(user_id, group_id)
        VALUES
        <foreach collection="relations" item="relation" separator=",">
            (#{relation.userId}, #{relation.groupId})
        </foreach>
    </insert>

</mapper>
